{
	"Version": 3,
	"Parameters": [
		{
			"Id": "Paramheadxy",
			"GroupId": "ParamGroup16",
			"Name": "水印开关"
		},
		{
			"Id": "Paramheadxy3",
			"GroupId": "ParamGroup16",
			"Name": "水印开关2"
		},
		{
			"Id": "Paramheadxy6",
			"GroupId": "ParamGroup16",
			"Name": "发布者哔哩哔哩账号为："
		},
		{
			"Id": "Paramheadxy4",
			"GroupId": "ParamGroup16",
			"Name": "立绘：神宫凉子"
		},
		{
			"Id": "Paramheadxy5",
			"GroupId": "ParamGroup16",
			"Name": "建模：杨小唸"
		},
		{
			"Id": "Paramheadxy2",
			"GroupId": "ParamGroup16",
			"Name": "免费模型、免费发布唯一发布渠道为哔哩哔哩账号：神宫凉子 发布者账号UID：13737731"
		},
		{
			"Id": "ParamAngleX",
			"GroupId": "ParamGroup16",
			"Name": "角度 X"
		},
		{
			"Id": "ParamAngleY",
			"GroupId": "ParamGroup16",
			"Name": "角度 Y"
		},
		{
			"Id": "ParamAngleZ",
			"GroupId": "ParamGroup16",
			"Name": "角度 Z"
		},
		{
			"Id": "ParamMouthForm",
			"GroupId": "ParamGroup16",
			"Name": "嘴　变形"
		},
		{
			"Id": "ParamMouthOpenY",
			"GroupId": "ParamGroup16",
			"Name": "嘴　张开和闭合"
		},
		{
			"Id": "ParamEyeROpen",
			"GroupId": "ParamGroup16",
			"Name": "右眼"
		},
		{
			"Id": "ParamEyeLOpen",
			"GroupId": "ParamGroup16",
			"Name": "左眼　开闭"
		},
		{
			"Id": "ParamEyeRSmile",
			"GroupId": "ParamGroup16",
			"Name": "右眼　微笑"
		},
		{
			"Id": "ParamEyeLSmile",
			"GroupId": "ParamGroup16",
			"Name": "左眼　微笑"
		},
		{
			"Id": "ParamEyeBallX",
			"GroupId": "ParamGroup16",
			"Name": "眼珠 X"
		},
		{
			"Id": "ParamEyeBallY",
			"GroupId": "ParamGroup16",
			"Name": "眼珠 Y"
		},
		{
			"Id": "ParamBrowLY",
			"GroupId": "ParamGroup16",
			"Name": "左眉　上下"
		},
		{
			"Id": "ParamBrowRY",
			"GroupId": "ParamGroup16",
			"Name": "右眉　上下"
		},
		{
			"Id": "ParamBreath",
			"GroupId": "ParamGroup16",
			"Name": "呼吸"
		},
		{
			"Id": "ParambodyXY",
			"GroupId": "ParamGroup16",
			"Name": "免费模型、免费发布唯一发布渠道为哔哩哔哩账号：神宫凉子 发布者账号UID：13737731"
		},
		{
			"Id": "ParamBodyAngleX2",
			"GroupId": "ParamGroup16",
			"Name": "免费模型、免费发布唯一发布渠道为哔哩哔哩账号：神宫凉子 发布者账号UID：13737731"
		},
		{
			"Id": "ParamBodyAngleX",
			"GroupId": "ParamGroup16",
			"Name": "免费模型、免费发布唯一发布渠道为哔哩哔哩账号：神宫凉子 发布者账号UID：13737731"
		},
		{
			"Id": "ParamBodyAngleY",
			"GroupId": "ParamGroup16",
			"Name": "免费模型、免费发布唯一发布渠道为哔哩哔哩账号：神宫凉子 发布者账号UID：13737731"
		},
		{
			"Id": "ParamBodyAngleX22",
			"GroupId": "ParamGroup16",
			"Name": "免费模型、免费发布唯一发布渠道为哔哩哔哩账号：神宫凉子 发布者账号UID：13737731"
		},
		{
			"Id": "ParamBodyAngleZ",
			"GroupId": "ParamGroup16",
			"Name": "免费模型、免费发布唯一发布渠道为哔哩哔哩账号：神宫凉子 发布者账号UID：13737731"
		},
		{
			"Id": "ParamBodyAngleY3",
			"GroupId": "ParamGroup16",
			"Name": "免费模型、免费发布唯一发布渠道为哔哩哔哩账号：神宫凉子 发布者账号UID：13737731"
		},
		{
			"Id": "ParamBodyAngleX3",
			"GroupId": "ParamGroup16",
			"Name": "免费模型、免费发布唯一发布渠道为哔哩哔哩账号：神宫凉子 发布者账号UID：13737731"
		},
		{
			"Id": "ParamBodyAngleXinput",
			"GroupId": "ParamGroup16",
			"Name": "免费模型、免费发布唯一发布渠道为哔哩哔哩账号：神宫凉子 发布者账号UID：13737731"
		},
		{
			"Id": "ParamBodyAngleY3input",
			"GroupId": "ParamGroup16",
			"Name": "免费模型、免费发布唯一发布渠道为哔哩哔哩账号：神宫凉子 发布者账号UID：13737731"
		},
		{
			"Id": "ParamBodyAngleZ2input",
			"GroupId": "ParamGroup16",
			"Name": "免费模型、免费发布唯一发布渠道为哔哩哔哩账号：神宫凉子 发布者账号UID：13737731"
		},
		{
			"Id": "Param32x",
			"GroupId": "ParamGroup5",
			"Name": "免费模型、免费发布唯一发布渠道为哔哩哔哩账号：神宫凉子 发布者账号UID：13737731"
		},
		{
			"Id": "ParamgameX8",
			"GroupId": "ParamGroup5",
			"Name": "眉毛弯"
		},
		{
			"Id": "Paramexpblack",
			"GroupId": "ParamGroup5",
			"Name": "脸黑"
		},
		{
			"Id": "Paramlove2",
			"GroupId": "ParamGroup5",
			"Name": "脸红"
		},
		{
			"Id": "Paramlove4",
			"GroupId": "ParamGroup5",
			"Name": "生气嘴"
		},
		{
			"Id": "Paramlove3",
			"GroupId": "ParamGroup5",
			"Name": "微笑嘴"
		},
		{
			"Id": "ParamgameX5",
			"GroupId": "ParamGroup5",
			"Name": "后发包包关R"
		},
		{
			"Id": "ParamgameX6",
			"GroupId": "ParamGroup5",
			"Name": "后发马尾关R"
		},
		{
			"Id": "ParamgameX7",
			"GroupId": "ParamGroup5",
			"Name": "后发蝴蝶结关R"
		},
		{
			"Id": "ParamgameX2",
			"GroupId": "ParamGroup5",
			"Name": "后发包包关L"
		},
		{
			"Id": "ParamgameX3",
			"GroupId": "ParamGroup5",
			"Name": "后发马尾关L"
		},
		{
			"Id": "ParamgameX4",
			"GroupId": "ParamGroup5",
			"Name": "后发蝴蝶结关L"
		},
		{
			"Id": "Paramexpeyeout",
			"GroupId": "ParamGroup5",
			"Name": "原眼睛关闭"
		},
		{
			"Id": "Paraexpchouxiang",
			"GroupId": "ParamGroup5",
			"Name": "><"
		},
		{
			"Id": "Param2biaoqing",
			"GroupId": "ParamGroup",
			"Name": "免费模型、免费发布唯一发布渠道为哔哩哔哩账号：神宫凉子 发布者账号UID：13737731"
		},
		{
			"Id": "ParamEyeROpen_physics",
			"GroupId": "ParamGroup",
			"Name": "R眼型-眨眼[物]"
		},
		{
			"Id": "ParamEyeROpen_physics2",
			"GroupId": "ParamGroup",
			"Name": "L眼型-眨眼[物]"
		},
		{
			"Id": "ParamEyeBallSizeR",
			"GroupId": "ParamGroup",
			"Name": "R眼球-缩放"
		},
		{
			"Id": "ParamEyeBallSizeR_physics",
			"GroupId": "ParamGroup",
			"Name": "R眼球-缩放[物]"
		},
		{
			"Id": "ParamEyeBallSizeR_physics2",
			"GroupId": "ParamGroup",
			"Name": "L眼球-缩放[物]"
		},
		{
			"Id": "ParamEyeBallSizeR2",
			"GroupId": "ParamGroup",
			"Name": "L眼球-缩放"
		},
		{
			"Id": "ParamEyeBallRY_physics",
			"GroupId": "ParamGroup",
			"Name": "R眼球-Y[延]"
		},
		{
			"Id": "ParamEyeBallRY_physics2",
			"GroupId": "ParamGroup",
			"Name": "L眼球-Y[延]"
		},
		{
			"Id": "ParamEyeBallR_light",
			"GroupId": "ParamGroup",
			"Name": "R眼-高光"
		},
		{
			"Id": "ParamEyeBallR_light2",
			"GroupId": "ParamGroup",
			"Name": "L眼-高光"
		},
		{
			"Id": "ParamEyeBallR_light9",
			"GroupId": "ParamGroup",
			"Name": "R眼球-高光x"
		},
		{
			"Id": "ParamEyeBallR_light10",
			"GroupId": "ParamGroup",
			"Name": "R眼球-高光y"
		},
		{
			"Id": "ParamEyeBallR_light7",
			"GroupId": "ParamGroup",
			"Name": "L眼球-高光x"
		},
		{
			"Id": "ParamEyeBallR_light8",
			"GroupId": "ParamGroup",
			"Name": "L眼球-高光y"
		},
		{
			"Id": "ParamEyeFormRY3",
			"GroupId": "ParamGroup",
			"Name": "L眼-Y2[物]"
		},
		{
			"Id": "ParamEyeFormRY2",
			"GroupId": "ParamGroup",
			"Name": "R眼-Y2[物]"
		},
		{
			"Id": "ParamEyelashR1",
			"GroupId": "ParamGroup",
			"Name": "右睫毛1"
		},
		{
			"Id": "ParamEyelashR2",
			"GroupId": "ParamGroup",
			"Name": "右睫毛2"
		},
		{
			"Id": "ParamEyelashR3",
			"GroupId": "ParamGroup",
			"Name": "左睫毛1"
		},
		{
			"Id": "ParamEyelashR4",
			"GroupId": "ParamGroup",
			"Name": "左睫毛2"
		},
		{
			"Id": "ParamEyeROpenBrow",
			"GroupId": "ParamGroup",
			"Name": "右眉-眨眼[延]"
		},
		{
			"Id": "ParamEyeROpenBrow2",
			"GroupId": "ParamGroup",
			"Name": "左眉-眨眼[延]"
		},
		{
			"Id": "ParamEyeFormRX",
			"GroupId": "ParamGroup",
			"Name": "左眼眼珠眼眶x"
		},
		{
			"Id": "ParamEyeFormRY1",
			"GroupId": "ParamGroup",
			"Name": "左眼眼珠眼眶y"
		},
		{
			"Id": "ParamAngryR",
			"GroupId": "ParamGroup",
			"Name": "R眼-生气[物]"
		},
		{
			"Id": "ParamAngryR2",
			"GroupId": "ParamGroup",
			"Name": "L眼-生气[物]"
		},
		{
			"Id": "Paramtexiaoxx",
			"GroupId": "ParamGroup20",
			"Name": "免费模型、免费发布唯一发布渠道为哔哩哔哩账号：神宫凉子 发布者账号UID：13737731"
		},
		{
			"Id": "Param66",
			"GroupId": "ParamGroup20",
			"Name": "免费模型、免费发布唯一发布渠道为哔哩哔哩账号：神宫凉子 发布者账号UID：13737731"
		},
		{
			"Id": "Param31",
			"GroupId": "ParamGroup20",
			"Name": "免费模型、免费发布唯一发布渠道为哔哩哔哩账号：神宫凉子 发布者账号UID：13737731"
		},
		{
			"Id": "Param111wqew",
			"GroupId": "ParamGroup20",
			"Name": "免费模型、免费发布唯一发布渠道为哔哩哔哩账号：神宫凉子 发布者账号UID：13737731"
		},
		{
			"Id": "Param3erthuan8",
			"GroupId": "ParamGroup20",
			"Name": "免费模型、免费发布唯一发布渠道为哔哩哔哩账号：神宫凉子 发布者账号UID：13737731"
		},
		{
			"Id": "Param3erthuan1",
			"GroupId": "ParamGroup20",
			"Name": "免费模型、免费发布唯一发布渠道为哔哩哔哩账号：神宫凉子 发布者账号UID：13737731"
		},
		{
			"Id": "Param15qunbaihua5",
			"GroupId": "ParamGroup20",
			"Name": "头物理11"
		},
		{
			"Id": "Param15qunbaihua6",
			"GroupId": "ParamGroup20",
			"Name": "头物理22"
		},
		{
			"Id": "Param15qunbaihua7",
			"GroupId": "ParamGroup20",
			"Name": "头物理33"
		},
		{
			"Id": "Param15qunbaihua8",
			"GroupId": "ParamGroup20",
			"Name": "头物理44"
		},
		{
			"Id": "Param15qunbaihua",
			"GroupId": "ParamGroup20",
			"Name": "头物理1"
		},
		{
			"Id": "Param15qunbaihua2",
			"GroupId": "ParamGroup20",
			"Name": "头物理2"
		},
		{
			"Id": "Param15qunbaihua3",
			"GroupId": "ParamGroup20",
			"Name": "头物理3"
		},
		{
			"Id": "Param436546",
			"GroupId": "ParamGroup20",
			"Name": "免费模型、免费发布唯一发布渠道为哔哩哔哩账号：神宫凉子 发布者账号UID：13737731"
		},
		{
			"Id": "ParambodyHDLx",
			"GroupId": "ParamGroup20",
			"Name": "身体饰品摇动中x"
		},
		{
			"Id": "ParambodyHDLy",
			"GroupId": "ParamGroup20",
			"Name": "身体饰品摇动中y"
		},
		{
			"Id": "ParambodyHDLy2",
			"GroupId": "ParamGroup20",
			"Name": "身体饰品摇动中y2"
		},
		{
			"Id": "ParambodyHDL1",
			"GroupId": "ParamGroup20",
			"Name": "身体饰品摇动中1"
		},
		{
			"Id": "ParambodyHDL2",
			"GroupId": "ParamGroup20",
			"Name": "身体饰品摇动中2"
		},
		{
			"Id": "ParambodyHDL3",
			"GroupId": "ParamGroup20",
			"Name": "身体饰品摇动中3"
		},
		{
			"Id": "ParambodyHDL4",
			"GroupId": "ParamGroup20",
			"Name": "身体饰品摇动中4"
		},
		{
			"Id": "Param44",
			"GroupId": "ParamGroup20",
			"Name": "身体物件R1"
		},
		{
			"Id": "Param46",
			"GroupId": "ParamGroup20",
			"Name": "身体物件R2"
		},
		{
			"Id": "Param47",
			"GroupId": "ParamGroup20",
			"Name": "身体物件L11"
		},
		{
			"Id": "Param48",
			"GroupId": "ParamGroup20",
			"Name": "身体物件L22"
		},
		{
			"Id": "Param85",
			"GroupId": "ParamGroup20",
			"Name": "围裙肩带11"
		},
		{
			"Id": "Param88",
			"GroupId": "ParamGroup20",
			"Name": "围裙肩带22"
		},
		{
			"Id": "Param89",
			"GroupId": "ParamGroup20",
			"Name": "围裙肩带33"
		},
		{
			"Id": "Param81",
			"GroupId": "ParamGroup20",
			"Name": "围裙肩带1"
		},
		{
			"Id": "Param82",
			"GroupId": "ParamGroup20",
			"Name": "围裙肩带2"
		},
		{
			"Id": "Param84",
			"GroupId": "ParamGroup20",
			"Name": "围裙肩带3"
		},
		{
			"Id": "Param234shou",
			"GroupId": "ParamGroup4",
			"Name": "免费模型、免费发布唯一发布渠道为哔哩哔哩账号：神宫凉子 发布者账号UID：13737731"
		},
		{
			"Id": "Param_Angle_Rotation33",
			"GroupId": "ParamGroup4",
			"Name": "右手物理1"
		},
		{
			"Id": "Param_Angle_Rotation35",
			"GroupId": "ParamGroup4",
			"Name": "右手物理3"
		},
		{
			"Id": "Param_Angle_Rotation34",
			"GroupId": "ParamGroup4",
			"Name": "右手物理2"
		},
		{
			"Id": "Param_Angle_Rotation36",
			"GroupId": "ParamGroup4",
			"Name": "右手物理4"
		},
		{
			"Id": "Param_Angle_Rotation29",
			"GroupId": "ParamGroup4",
			"Name": "左手物理1"
		},
		{
			"Id": "Param_Angle_Rotation30",
			"GroupId": "ParamGroup4",
			"Name": "左手物理2"
		},
		{
			"Id": "Param_Angle_Rotation31",
			"GroupId": "ParamGroup4",
			"Name": "左手物理3"
		},
		{
			"Id": "Param_Angle_Rotation32",
			"GroupId": "ParamGroup4",
			"Name": "左手物理4"
		},
		{
			"Id": "Param2bar",
			"GroupId": "ParamGroup11",
			"Name": "免费模型、免费发布唯一发布渠道为哔哩哔哩账号：神宫凉子 发布者账号UID：13737731"
		},
		{
			"Id": "Param3erthuan16",
			"GroupId": "ParamGroup11",
			"Name": "免费模型、免费发布唯一发布渠道为哔哩哔哩账号：神宫凉子 发布者账号UID：13737731"
		},
		{
			"Id": "Param3erthuan17",
			"GroupId": "ParamGroup11",
			"Name": "免费模型、免费发布唯一发布渠道为哔哩哔哩账号：神宫凉子 发布者账号UID：13737731"
		},
		{
			"Id": "ParamBARX",
			"GroupId": "ParamGroup11",
			"Name": "免费模型、免费发布唯一发布渠道为哔哩哔哩账号：神宫凉子 发布者账号UID：13737731"
		},
		{
			"Id": "ParamBARX2",
			"GroupId": "ParamGroup11",
			"Name": "免费模型、免费发布唯一发布渠道为哔哩哔哩账号：神宫凉子 发布者账号UID：13737731"
		},
		{
			"Id": "ParamBARX3",
			"GroupId": "ParamGroup11",
			"Name": "免费模型、免费发布唯一发布渠道为哔哩哔哩账号：神宫凉子 发布者账号UID：13737731"
		},
		{
			"Id": "ParamBARY1",
			"GroupId": "ParamGroup11",
			"Name": "免费模型、免费发布唯一发布渠道为哔哩哔哩账号：神宫凉子 发布者账号UID：13737731"
		},
		{
			"Id": "ParamBARY2",
			"GroupId": "ParamGroup11",
			"Name": "免费模型、免费发布唯一发布渠道为哔哩哔哩账号：神宫凉子 发布者账号UID：13737731"
		},
		{
			"Id": "ParamBARY3",
			"GroupId": "ParamGroup11",
			"Name": "免费模型、免费发布唯一发布渠道为哔哩哔哩账号：神宫凉子 发布者账号UID：13737731"
		},
		{
			"Id": "ParamVB",
			"GroupId": "ParamGroup6",
			"Name": "免费模型、免费发布唯一发布渠道为哔哩哔哩账号：神宫凉子 发布者账号UID：13737731"
		},
		{
			"Id": "ParamMouthFunnel",
			"GroupId": "ParamGroup6",
			"Name": "Mouth funnel"
		},
		{
			"Id": "ParamMouthPressLipOpen",
			"GroupId": "ParamGroup6",
			"Name": "MouthPressLipOpen"
		},
		{
			"Id": "Paramtongueout",
			"GroupId": "ParamGroup6",
			"Name": "吐舌"
		},
		{
			"Id": "ParamJawOpen",
			"GroupId": "ParamGroup6",
			"Name": "JawOpen"
		},
		{
			"Id": "MouthX",
			"GroupId": "ParamGroup6",
			"Name": "MouthX"
		},
		{
			"Id": "ParamJawX",
			"GroupId": "ParamGroup6",
			"Name": "JawX"
		},
		{
			"Id": "ParamCheeckPuff",
			"GroupId": "ParamGroup6",
			"Name": "CheeckPuff"
		},
		{
			"Id": "ParamMouthShrug",
			"GroupId": "ParamGroup6",
			"Name": "MouthShrug"
		},
		{
			"Id": "ParamMouthPuckerWiden",
			"GroupId": "ParamGroup6",
			"Name": "MouthPuckerWiden"
		},
		{
			"Id": "Param2meimao",
			"GroupId": "ParamGroup2",
			"Name": "免费模型、免费发布唯一发布渠道为哔哩哔哩账号：神宫凉子 发布者账号UID：13737731"
		},
		{
			"Id": "ParamBrowRForm_Angry",
			"GroupId": "ParamGroup2",
			"Name": "右眉　怒"
		},
		{
			"Id": "ParamBrowRForm_Angry2",
			"GroupId": "ParamGroup2",
			"Name": "左眉　怒"
		},
		{
			"Id": "ParamBrowRForm_Puzzled",
			"GroupId": "ParamGroup2",
			"Name": "右眉　困惑"
		},
		{
			"Id": "ParamBrowRForm_Puzzled2",
			"GroupId": "ParamGroup2",
			"Name": "左眉　困惑"
		},
		{
			"Id": "ParamBrowRForm_Smile",
			"GroupId": "ParamGroup2",
			"Name": "右眉　笑"
		},
		{
			"Id": "ParamBrowRForm_Smile2",
			"GroupId": "ParamGroup2",
			"Name": "左眉　笑"
		},
		{
			"Id": "ParamBrowLY2",
			"GroupId": "ParamGroup2",
			"Name": "左眉  上下2"
		},
		{
			"Id": "ParamBrowRY2",
			"GroupId": "ParamGroup2",
			"Name": "右眉　上下2"
		},
		{
			"Id": "ParamBrowLX",
			"GroupId": "ParamGroup2",
			"Name": "左眉　左右"
		},
		{
			"Id": "ParamBrowRX",
			"GroupId": "ParamGroup2",
			"Name": "右眉　左右"
		},
		{
			"Id": "ParamBrowLAngle",
			"GroupId": "ParamGroup2",
			"Name": "左眉　角度"
		},
		{
			"Id": "ParamBrowRAngle",
			"GroupId": "ParamGroup2",
			"Name": "右眉　角度"
		},
		{
			"Id": "ParamBrowLForm",
			"GroupId": "ParamGroup2",
			"Name": "左眉　変形"
		},
		{
			"Id": "ParamBrowRForm",
			"GroupId": "ParamGroup2",
			"Name": "右眉　変形"
		},
		{
			"Id": "Param212312427",
			"GroupId": "ParamGroup3",
			"Name": "免费模型、免费发布唯一发布渠道为哔哩哔哩账号：神宫凉子 发布者账号UID：13737731"
		},
		{
			"Id": "ParamHairdai1",
			"GroupId": "ParamGroup3",
			"Name": "免费模型、免费发布唯一发布渠道为哔哩哔哩账号：神宫凉子 发布者账号UID：13737731"
		},
		{
			"Id": "ParamHairBack4",
			"GroupId": "ParamGroup3",
			"Name": "免费模型、免费发布唯一发布渠道为哔哩哔哩账号：神宫凉子 发布者账号UID：13737731"
		},
		{
			"Id": "ParamHairBack5",
			"GroupId": "ParamGroup3",
			"Name": "免费模型、免费发布唯一发布渠道为哔哩哔哩账号：神宫凉子 发布者账号UID：13737731"
		},
		{
			"Id": "ParamHairFront",
			"GroupId": "ParamGroup3",
			"Name": "免费模型、免费发布唯一发布渠道为哔哩哔哩账号：神宫凉子 发布者账号UID：13737731"
		},
		{
			"Id": "ParamHairSide",
			"GroupId": "ParamGroup3",
			"Name": "免费模型、免费发布唯一发布渠道为哔哩哔哩账号：神宫凉子 发布者账号UID：13737731"
		},
		{
			"Id": "ParamHairBack",
			"GroupId": "ParamGroup3",
			"Name": "免费模型、免费发布唯一发布渠道为哔哩哔哩账号：神宫凉子 发布者账号UID：13737731"
		},
		{
			"Id": "ParamHairY1",
			"GroupId": "ParamGroup3",
			"Name": "免费模型、免费发布唯一发布渠道为哔哩哔哩账号：神宫凉子 发布者账号UID：13737731"
		},
		{
			"Id": "ParamHairY2",
			"GroupId": "ParamGroup3",
			"Name": "免费模型、免费发布唯一发布渠道为哔哩哔哩账号：神宫凉子 发布者账号UID：13737731"
		},
		{
			"Id": "Param133",
			"GroupId": "ParamGroup3",
			"Name": "免费模型、免费发布唯一发布渠道为哔哩哔哩账号：神宫凉子 发布者账号UID：13737731"
		},
		{
			"Id": "Param138",
			"GroupId": "ParamGroup3",
			"Name": "免费模型、免费发布唯一发布渠道为哔哩哔哩账号：神宫凉子 发布者账号UID：13737731"
		},
		{
			"Id": "Param20",
			"GroupId": "ParamGroup3",
			"Name": "侧发1免费模型、免费发布唯一发布渠道为哔哩哔哩账号：神宫凉子 发布者账号UID：13737731"
		},
		{
			"Id": "Param21",
			"GroupId": "ParamGroup3",
			"Name": "免费模型、免费发布唯一发布渠道为哔哩哔哩账号：神宫凉子 发布者账号UID：13737731"
		},
		{
			"Id": "Paramhairxxx",
			"GroupId": "ParamGroup3",
			"Name": "免费模型、免费发布唯一发布渠道为哔哩哔哩账号：神宫凉子 发布者账号UID：13737731"
		},
		{
			"Id": "ParamHairBack2",
			"GroupId": "ParamGroup3",
			"Name": "免费模型、免费发布唯一发布渠道为哔哩哔哩账号：神宫凉子 发布者账号UID：13737731"
		},
		{
			"Id": "Param13maweiy",
			"GroupId": "ParamGroup3",
			"Name": "免费模型、免费发布唯一发布渠道为哔哩哔哩账号：神宫凉子 发布者账号UID：13737731"
		},
		{
			"Id": "Param13maweiX",
			"GroupId": "ParamGroup3",
			"Name": "免费模型、免费发布唯一发布渠道为哔哩哔哩账号：神宫凉子 发布者账号UID：13737731"
		},
		{
			"Id": "Param13maweiX2",
			"GroupId": "ParamGroup3",
			"Name": "免费模型、免费发布唯一发布渠道为哔哩哔哩账号：神宫凉子 发布者账号UID：13737731"
		},
		{
			"Id": "ParamHairY3",
			"GroupId": "ParamGroup3",
			"Name": "免费模型、免费发布唯一发布渠道为哔哩哔哩账号：神宫凉子 发布者账号UID：13737731"
		},
		{
			"Id": "ParamHairY4",
			"GroupId": "ParamGroup3",
			"Name": "免费模型、免费发布唯一发布渠道为哔哩哔哩账号：神宫凉子 发布者账号UID：13737731"
		},
		{
			"Id": "Param34",
			"GroupId": "ParamGroup3",
			"Name": "免费模型、免费发布唯一发布渠道为哔哩哔哩账号：神宫凉子 发布者账号UID：13737731"
		},
		{
			"Id": "Param140",
			"GroupId": "ParamGroup3",
			"Name": "免费模型、免费发布唯一发布渠道为哔哩哔哩账号：神宫凉子 发布者账号UID：13737731"
		},
		{
			"Id": "Param141",
			"GroupId": "ParamGroup3",
			"Name": "免费模型、免费发布唯一发布渠道为哔哩哔哩账号：神宫凉子 发布者账号UID：13737731"
		},
		{
			"Id": "Param67",
			"GroupId": "ParamGroup3",
			"Name": "免费模型、免费发布唯一发布渠道为哔哩哔哩账号：神宫凉子 发布者账号UID：13737731"
		},
		{
			"Id": "Param149",
			"GroupId": "ParamGroup3",
			"Name": "免费模型、免费发布唯一发布渠道为哔哩哔哩账号：神宫凉子 发布者账号UID：13737731"
		},
		{
			"Id": "Param150",
			"GroupId": "ParamGroup3",
			"Name": "免费模型、免费发布唯一发布渠道为哔哩哔哩账号：神宫凉子 发布者账号UID：13737731"
		},
		{
			"Id": "Param35",
			"GroupId": "ParamGroup3",
			"Name": "免费模型、免费发布唯一发布渠道为哔哩哔哩账号：神宫凉子 发布者账号UID：13737731"
		},
		{
			"Id": "Param142",
			"GroupId": "ParamGroup3",
			"Name": "免费模型、免费发布唯一发布渠道为哔哩哔哩账号：神宫凉子 发布者账号UID：13737731"
		},
		{
			"Id": "Param143",
			"GroupId": "ParamGroup3",
			"Name": "免费模型、免费发布唯一发布渠道为哔哩哔哩账号：神宫凉子 发布者账号UID：13737731"
		},
		{
			"Id": "Param68",
			"GroupId": "ParamGroup3",
			"Name": "免费模型、免费发布唯一发布渠道为哔哩哔哩账号：神宫凉子 发布者账号UID：13737731"
		},
		{
			"Id": "Param151",
			"GroupId": "ParamGroup3",
			"Name": "免费模型、免费发布唯一发布渠道为哔哩哔哩账号：神宫凉子 发布者账号UID：13737731"
		},
		{
			"Id": "Param156",
			"GroupId": "ParamGroup3",
			"Name": "免费模型、免费发布唯一发布渠道为哔哩哔哩账号：神宫凉子 发布者账号UID：13737731"
		},
		{
			"Id": "Param2qunzi",
			"GroupId": "ParamGroup42",
			"Name": "免费模型、免费发布唯一发布渠道为哔哩哔哩账号：神宫凉子 发布者账号UID：13737731"
		},
		{
			"Id": "ParamSkirt7",
			"GroupId": "ParamGroup42",
			"Name": "免费模型、免费发布唯一发布渠道为哔哩哔哩账号：神宫凉子 发布者账号UID：13737731"
		},
		{
			"Id": "ParamSkirt8",
			"GroupId": "ParamGroup42",
			"Name": "免费模型、免费发布唯一发布渠道为哔哩哔哩账号：神宫凉子 发布者账号UID：13737731"
		},
		{
			"Id": "ParamSkirt11",
			"GroupId": "ParamGroup42",
			"Name": "免费模型、免费发布唯一发布渠道为哔哩哔哩账号：神宫凉子 发布者账号UID：13737731"
		},
		{
			"Id": "ParamSkirt12",
			"GroupId": "ParamGroup42",
			"Name": "免费模型、免费发布唯一发布渠道为哔哩哔哩账号：神宫凉子 发布者账号UID：13737731"
		},
		{
			"Id": "ParamSkirt19",
			"GroupId": "ParamGroup42",
			"Name": "免费模型、免费发布唯一发布渠道为哔哩哔哩账号：神宫凉子 发布者账号UID：13737731"
		},
		{
			"Id": "ParamSkirt20",
			"GroupId": "ParamGroup42",
			"Name": "免费模型、免费发布唯一发布渠道为哔哩哔哩账号：神宫凉子 发布者账号UID：13737731"
		},
		{
			"Id": "ParamSkirt15",
			"GroupId": "ParamGroup42",
			"Name": "免费模型、免费发布唯一发布渠道为哔哩哔哩账号：神宫凉子 发布者账号UID："
		},
		{
			"Id": "ParamSkirt18",
			"GroupId": "ParamGroup42",
			"Name": "免费模型、免费发布唯一发布渠道为哔哩哔哩账号：神宫凉子 发布者账号UID：13737731"
		},
		{
			"Id": "Param_Angle_Rotation_1_ArtMesh248",
			"GroupId": "ParamGroup26",
			"Name": "[0]下侧发R1"
		},
		{
			"Id": "Param_Angle_Rotation_2_ArtMesh248",
			"GroupId": "ParamGroup26",
			"Name": "[1]下侧发R1"
		},
		{
			"Id": "Param_Angle_Rotation_3_ArtMesh248",
			"GroupId": "ParamGroup26",
			"Name": "[2]下侧发R1"
		},
		{
			"Id": "Param_Angle_Rotation_4_ArtMesh248",
			"GroupId": "ParamGroup26",
			"Name": "[3]下侧发R1"
		},
		{
			"Id": "Param_Angle_Rotation_5_ArtMesh248",
			"GroupId": "ParamGroup26",
			"Name": "[4]下侧发R1"
		},
		{
			"Id": "Param_Angle_Rotation_6_ArtMesh248",
			"GroupId": "ParamGroup26",
			"Name": "[5]下侧发R1"
		},
		{
			"Id": "Param_Angle_Rotation_7_ArtMesh248",
			"GroupId": "ParamGroup26",
			"Name": "[6]下侧发R1"
		},
		{
			"Id": "Param_Angle_Rotation_8_ArtMesh248",
			"GroupId": "ParamGroup26",
			"Name": "[7]下侧发R1"
		},
		{
			"Id": "Param_Angle_Rotation_9_ArtMesh248",
			"GroupId": "ParamGroup26",
			"Name": "[8]下侧发R1"
		},
		{
			"Id": "Param_Angle_Rotation_10_ArtMesh248",
			"GroupId": "ParamGroup26",
			"Name": "[9]下侧发R1"
		},
		{
			"Id": "Param_Angle_Rotation_11_ArtMesh248",
			"GroupId": "ParamGroup26",
			"Name": "[10]下侧发R1"
		},
		{
			"Id": "Param_Angle_Rotation84",
			"GroupId": "ParamGroup28",
			"Name": "[0]双马尾钻头R"
		},
		{
			"Id": "Param_Angle_Rotation85",
			"GroupId": "ParamGroup28",
			"Name": "[1]双马尾钻头R"
		},
		{
			"Id": "Param_Angle_Rotation86",
			"GroupId": "ParamGroup28",
			"Name": "[2]双马尾钻头R"
		},
		{
			"Id": "Param_Angle_Rotation87",
			"GroupId": "ParamGroup28",
			"Name": "[3]双马尾钻头R"
		},
		{
			"Id": "Param_Angle_Rotation88",
			"GroupId": "ParamGroup28",
			"Name": "[4]双马尾钻头R"
		},
		{
			"Id": "Param_Angle_Rotation89",
			"GroupId": "ParamGroup28",
			"Name": "[5]双马尾钻头R"
		},
		{
			"Id": "Param_Angle_Rotation90",
			"GroupId": "ParamGroup28",
			"Name": "[6]双马尾钻头R"
		},
		{
			"Id": "Param_Angle_Rotation91",
			"GroupId": "ParamGroup28",
			"Name": "[7]双马尾钻头R"
		},
		{
			"Id": "Param_Angle_Rotation92",
			"GroupId": "ParamGroup29",
			"Name": "[0]双马尾钻头RR"
		},
		{
			"Id": "Param_Angle_Rotation93",
			"GroupId": "ParamGroup29",
			"Name": "[1]双马尾钻头RR"
		},
		{
			"Id": "Param_Angle_Rotation94",
			"GroupId": "ParamGroup29",
			"Name": "[2]双马尾钻头RR"
		},
		{
			"Id": "Param_Angle_Rotation95",
			"GroupId": "ParamGroup29",
			"Name": "[3]双马尾钻头RR"
		},
		{
			"Id": "Param_Angle_Rotation96",
			"GroupId": "ParamGroup29",
			"Name": "[4]双马尾钻头RR"
		},
		{
			"Id": "Param_Angle_Rotation97",
			"GroupId": "ParamGroup29",
			"Name": "[5]双马尾钻头RR"
		},
		{
			"Id": "Param_Angle_Rotation98",
			"GroupId": "ParamGroup29",
			"Name": "[6]双马尾钻头RR"
		},
		{
			"Id": "Param_Angle_Rotation99",
			"GroupId": "ParamGroup29",
			"Name": "[7]双马尾钻头RR"
		},
		{
			"Id": "Param_Angle_Rotation100",
			"GroupId": "ParamGroup30",
			"Name": "[0]双马尾钻头L"
		},
		{
			"Id": "Param_Angle_Rotation101",
			"GroupId": "ParamGroup30",
			"Name": "[1]双马尾钻头L"
		},
		{
			"Id": "Param_Angle_Rotation102",
			"GroupId": "ParamGroup30",
			"Name": "[2]双马尾钻头L"
		},
		{
			"Id": "Param_Angle_Rotation103",
			"GroupId": "ParamGroup30",
			"Name": "[3]双马尾钻头L"
		},
		{
			"Id": "Param_Angle_Rotation104",
			"GroupId": "ParamGroup30",
			"Name": "[4]双马尾钻头L"
		},
		{
			"Id": "Param_Angle_Rotation105",
			"GroupId": "ParamGroup30",
			"Name": "[5]双马尾钻头L"
		},
		{
			"Id": "Param_Angle_Rotation106",
			"GroupId": "ParamGroup30",
			"Name": "[6]双马尾钻头L"
		},
		{
			"Id": "Param_Angle_Rotation107",
			"GroupId": "ParamGroup30",
			"Name": "[7]双马尾钻头L"
		},
		{
			"Id": "Param_Angle_Rotation108",
			"GroupId": "ParamGroup32",
			"Name": "[0]双马尾钻头LL"
		},
		{
			"Id": "Param_Angle_Rotation109",
			"GroupId": "ParamGroup32",
			"Name": "[1]双马尾钻头LL"
		},
		{
			"Id": "Param_Angle_Rotation110",
			"GroupId": "ParamGroup32",
			"Name": "[2]双马尾钻头LL"
		},
		{
			"Id": "Param_Angle_Rotation111",
			"GroupId": "ParamGroup32",
			"Name": "[3]双马尾钻头LL"
		},
		{
			"Id": "Param_Angle_Rotation112",
			"GroupId": "ParamGroup32",
			"Name": "[4]双马尾钻头LL"
		},
		{
			"Id": "Param_Angle_Rotation113",
			"GroupId": "ParamGroup32",
			"Name": "[5]双马尾钻头LL"
		},
		{
			"Id": "Param_Angle_Rotation114",
			"GroupId": "ParamGroup32",
			"Name": "[6]双马尾钻头LL"
		},
		{
			"Id": "Param_Angle_Rotation115",
			"GroupId": "ParamGroup32",
			"Name": "[7]双马尾钻头LL"
		},
		{
			"Id": "Param_Angle_Rotation_1_ArtMesh244",
			"GroupId": "ParamGroup27",
			"Name": "[0]下侧发L1"
		},
		{
			"Id": "Param_Angle_Rotation_2_ArtMesh244",
			"GroupId": "ParamGroup27",
			"Name": "[1]下侧发L1"
		},
		{
			"Id": "Param_Angle_Rotation_3_ArtMesh244",
			"GroupId": "ParamGroup27",
			"Name": "[2]下侧发L1"
		},
		{
			"Id": "Param_Angle_Rotation_4_ArtMesh244",
			"GroupId": "ParamGroup27",
			"Name": "[3]下侧发L1"
		},
		{
			"Id": "Param_Angle_Rotation_5_ArtMesh244",
			"GroupId": "ParamGroup27",
			"Name": "[4]下侧发L1"
		},
		{
			"Id": "Param_Angle_Rotation_6_ArtMesh244",
			"GroupId": "ParamGroup27",
			"Name": "[5]下侧发L1"
		},
		{
			"Id": "Param_Angle_Rotation_7_ArtMesh244",
			"GroupId": "ParamGroup27",
			"Name": "[6]下侧发L1"
		},
		{
			"Id": "Param_Angle_Rotation_8_ArtMesh244",
			"GroupId": "ParamGroup27",
			"Name": "[7]下侧发L1"
		},
		{
			"Id": "Param_Angle_Rotation_9_ArtMesh244",
			"GroupId": "ParamGroup27",
			"Name": "[8]下侧发L1"
		},
		{
			"Id": "Param_Angle_Rotation_10_ArtMesh244",
			"GroupId": "ParamGroup27",
			"Name": "[9]下侧发L1"
		},
		{
			"Id": "Param_Angle_Rotation_11_ArtMesh244",
			"GroupId": "ParamGroup27",
			"Name": "[10]下侧发L1"
		},
		{
			"Id": "Param_Angle_Rotation_1_ArtMesh389",
			"GroupId": "ParamGroup18",
			"Name": "[0]后发1L"
		},
		{
			"Id": "Param_Angle_Rotation_2_ArtMesh389",
			"GroupId": "ParamGroup18",
			"Name": "[1]后发1L"
		},
		{
			"Id": "Param_Angle_Rotation_3_ArtMesh389",
			"GroupId": "ParamGroup18",
			"Name": "[2]后发1L"
		},
		{
			"Id": "Param_Angle_Rotation_4_ArtMesh389",
			"GroupId": "ParamGroup18",
			"Name": "[3]后发1L"
		},
		{
			"Id": "Param_Angle_Rotation_5_ArtMesh389",
			"GroupId": "ParamGroup18",
			"Name": "[4]后发1L"
		},
		{
			"Id": "Param_Angle_Rotation_6_ArtMesh389",
			"GroupId": "ParamGroup18",
			"Name": "[5]后发1L"
		},
		{
			"Id": "Param_Angle_Rotation_7_ArtMesh389",
			"GroupId": "ParamGroup18",
			"Name": "[6]后发1L"
		},
		{
			"Id": "Param_Angle_Rotation_8_ArtMesh389",
			"GroupId": "ParamGroup18",
			"Name": "[7]后发1L"
		},
		{
			"Id": "Param_Angle_Rotation_9_ArtMesh389",
			"GroupId": "ParamGroup18",
			"Name": "[8]后发1L"
		},
		{
			"Id": "Param_Angle_Rotation_10_ArtMesh389",
			"GroupId": "ParamGroup18",
			"Name": "[9]后发1L"
		},
		{
			"Id": "Param_Angle_Rotation_11_ArtMesh389",
			"GroupId": "ParamGroup18",
			"Name": "[10]后发1L"
		},
		{
			"Id": "Param_Angle_Rotation_1_ArtMesh396",
			"GroupId": "ParamGroup34",
			"Name": "[0]后发1L"
		},
		{
			"Id": "Param_Angle_Rotation_2_ArtMesh396",
			"GroupId": "ParamGroup34",
			"Name": "[1]后发1L"
		},
		{
			"Id": "Param_Angle_Rotation_3_ArtMesh396",
			"GroupId": "ParamGroup34",
			"Name": "[2]后发1L"
		},
		{
			"Id": "Param_Angle_Rotation_4_ArtMesh396",
			"GroupId": "ParamGroup34",
			"Name": "[3]后发1L"
		},
		{
			"Id": "Param_Angle_Rotation_5_ArtMesh396",
			"GroupId": "ParamGroup34",
			"Name": "[4]后发1L"
		},
		{
			"Id": "Param_Angle_Rotation_6_ArtMesh396",
			"GroupId": "ParamGroup34",
			"Name": "[5]后发1L"
		},
		{
			"Id": "Param_Angle_Rotation_7_ArtMesh396",
			"GroupId": "ParamGroup34",
			"Name": "[6]后发1L"
		},
		{
			"Id": "Param_Angle_Rotation_8_ArtMesh396",
			"GroupId": "ParamGroup34",
			"Name": "[7]后发1L"
		},
		{
			"Id": "Param_Angle_Rotation_9_ArtMesh396",
			"GroupId": "ParamGroup34",
			"Name": "[8]后发1L"
		},
		{
			"Id": "Param_Angle_Rotation_10_ArtMesh396",
			"GroupId": "ParamGroup34",
			"Name": "[9]后发1L"
		},
		{
			"Id": "Param_Angle_Rotation_11_ArtMesh396",
			"GroupId": "ParamGroup34",
			"Name": "[10]后发1L"
		},
		{
			"Id": "Param_Angle_Rotation_1_ArtMesh450",
			"GroupId": "ParamGroup35",
			"Name": "[0]侧后发"
		},
		{
			"Id": "Param_Angle_Rotation_2_ArtMesh450",
			"GroupId": "ParamGroup35",
			"Name": "[1]侧后发"
		},
		{
			"Id": "Param_Angle_Rotation_3_ArtMesh450",
			"GroupId": "ParamGroup35",
			"Name": "[2]侧后发"
		},
		{
			"Id": "Param_Angle_Rotation_4_ArtMesh450",
			"GroupId": "ParamGroup35",
			"Name": "[3]侧后发"
		},
		{
			"Id": "Param_Angle_Rotation_5_ArtMesh450",
			"GroupId": "ParamGroup35",
			"Name": "[4]侧后发"
		},
		{
			"Id": "Param_Angle_Rotation_6_ArtMesh450",
			"GroupId": "ParamGroup35",
			"Name": "[5]侧后发"
		},
		{
			"Id": "Param_Angle_Rotation_7_ArtMesh450",
			"GroupId": "ParamGroup35",
			"Name": "[6]侧后发"
		},
		{
			"Id": "Param_Angle_Rotation_8_ArtMesh450",
			"GroupId": "ParamGroup35",
			"Name": "[7]侧后发"
		},
		{
			"Id": "Param_Angle_Rotation_9_ArtMesh450",
			"GroupId": "ParamGroup35",
			"Name": "[8]侧后发"
		},
		{
			"Id": "Param_Angle_Rotation_10_ArtMesh450",
			"GroupId": "ParamGroup35",
			"Name": "[9]侧后发"
		},
		{
			"Id": "Param_Angle_Rotation_11_ArtMesh450",
			"GroupId": "ParamGroup35",
			"Name": "[10]侧后发"
		},
		{
			"Id": "Param_Angle_Rotation_12_ArtMesh450",
			"GroupId": "ParamGroup35",
			"Name": "[11]侧后发"
		},
		{
			"Id": "Param_Angle_Rotation_13_ArtMesh450",
			"GroupId": "ParamGroup35",
			"Name": "[12]侧后发"
		},
		{
			"Id": "Param_Angle_Rotation_1_ArtMesh449",
			"GroupId": "ParamGroup36",
			"Name": "[0]图层 220"
		},
		{
			"Id": "Param_Angle_Rotation_2_ArtMesh449",
			"GroupId": "ParamGroup36",
			"Name": "[1]图层 220"
		},
		{
			"Id": "Param_Angle_Rotation_3_ArtMesh449",
			"GroupId": "ParamGroup36",
			"Name": "[2]图层 220"
		},
		{
			"Id": "Param_Angle_Rotation_4_ArtMesh449",
			"GroupId": "ParamGroup36",
			"Name": "[3]图层 220"
		},
		{
			"Id": "Param_Angle_Rotation_5_ArtMesh449",
			"GroupId": "ParamGroup36",
			"Name": "[4]图层 220"
		},
		{
			"Id": "Param_Angle_Rotation_6_ArtMesh449",
			"GroupId": "ParamGroup36",
			"Name": "[5]图层 220"
		},
		{
			"Id": "Param_Angle_Rotation_7_ArtMesh449",
			"GroupId": "ParamGroup36",
			"Name": "[6]图层 220"
		},
		{
			"Id": "Param_Angle_Rotation_8_ArtMesh449",
			"GroupId": "ParamGroup36",
			"Name": "[7]图层 220"
		},
		{
			"Id": "Param_Angle_Rotation_9_ArtMesh449",
			"GroupId": "ParamGroup36",
			"Name": "[8]图层 220"
		},
		{
			"Id": "Param_Angle_Rotation_10_ArtMesh449",
			"GroupId": "ParamGroup36",
			"Name": "[9]图层 220"
		},
		{
			"Id": "Param_Angle_Rotation_11_ArtMesh449",
			"GroupId": "ParamGroup36",
			"Name": "[10]图层 220"
		},
		{
			"Id": "Param_Angle_Rotation_12_ArtMesh449",
			"GroupId": "ParamGroup36",
			"Name": "[11]图层 220"
		},
		{
			"Id": "Param_Angle_Rotation_13_ArtMesh449",
			"GroupId": "ParamGroup36",
			"Name": "[12]图层 220"
		},
		{
			"Id": "Param_Angle_Rotation_1_ArtMesh448",
			"GroupId": "ParamGroup37",
			"Name": "[0]图层 219"
		},
		{
			"Id": "Param_Angle_Rotation_2_ArtMesh448",
			"GroupId": "ParamGroup37",
			"Name": "[1]图层 219"
		},
		{
			"Id": "Param_Angle_Rotation_3_ArtMesh448",
			"GroupId": "ParamGroup37",
			"Name": "[2]图层 219"
		},
		{
			"Id": "Param_Angle_Rotation_4_ArtMesh448",
			"GroupId": "ParamGroup37",
			"Name": "[3]图层 219"
		},
		{
			"Id": "Param_Angle_Rotation_5_ArtMesh448",
			"GroupId": "ParamGroup37",
			"Name": "[4]图层 219"
		},
		{
			"Id": "Param_Angle_Rotation_6_ArtMesh448",
			"GroupId": "ParamGroup37",
			"Name": "[5]图层 219"
		},
		{
			"Id": "Param_Angle_Rotation_7_ArtMesh448",
			"GroupId": "ParamGroup37",
			"Name": "[6]图层 219"
		},
		{
			"Id": "Param_Angle_Rotation_8_ArtMesh448",
			"GroupId": "ParamGroup37",
			"Name": "[7]图层 219"
		},
		{
			"Id": "Param_Angle_Rotation_9_ArtMesh448",
			"GroupId": "ParamGroup37",
			"Name": "[8]图层 219"
		},
		{
			"Id": "Param_Angle_Rotation_10_ArtMesh448",
			"GroupId": "ParamGroup37",
			"Name": "[9]图层 219"
		},
		{
			"Id": "Param_Angle_Rotation_11_ArtMesh448",
			"GroupId": "ParamGroup37",
			"Name": "[10]图层 219"
		},
		{
			"Id": "Param_Angle_Rotation_12_ArtMesh448",
			"GroupId": "ParamGroup37",
			"Name": "[11]图层 219"
		},
		{
			"Id": "Param_Angle_Rotation_13_ArtMesh448",
			"GroupId": "ParamGroup37",
			"Name": "[12]图层 219"
		},
		{
			"Id": "Param_Angle_Rotation_1_ArtMesh452",
			"GroupId": "ParamGroup38",
			"Name": "[0]后发底1"
		},
		{
			"Id": "Param_Angle_Rotation_2_ArtMesh452",
			"GroupId": "ParamGroup38",
			"Name": "[1]后发底1"
		},
		{
			"Id": "Param_Angle_Rotation_3_ArtMesh452",
			"GroupId": "ParamGroup38",
			"Name": "[2]后发底1"
		},
		{
			"Id": "Param_Angle_Rotation_4_ArtMesh452",
			"GroupId": "ParamGroup38",
			"Name": "[3]后发底1"
		},
		{
			"Id": "Param_Angle_Rotation_5_ArtMesh452",
			"GroupId": "ParamGroup38",
			"Name": "[4]后发底1"
		},
		{
			"Id": "Param_Angle_Rotation_6_ArtMesh452",
			"GroupId": "ParamGroup38",
			"Name": "[5]后发底1"
		},
		{
			"Id": "Param_Angle_Rotation_7_ArtMesh452",
			"GroupId": "ParamGroup38",
			"Name": "[6]后发底1"
		},
		{
			"Id": "Param_Angle_Rotation_8_ArtMesh452",
			"GroupId": "ParamGroup38",
			"Name": "[7]后发底1"
		},
		{
			"Id": "Param_Angle_Rotation_9_ArtMesh452",
			"GroupId": "ParamGroup38",
			"Name": "[8]后发底1"
		},
		{
			"Id": "Param_Angle_Rotation_10_ArtMesh452",
			"GroupId": "ParamGroup38",
			"Name": "[9]后发底1"
		},
		{
			"Id": "Param_Angle_Rotation_11_ArtMesh452",
			"GroupId": "ParamGroup38",
			"Name": "[10]后发底1"
		},
		{
			"Id": "Param_Angle_Rotation_12_ArtMesh452",
			"GroupId": "ParamGroup38",
			"Name": "[11]后发底1"
		},
		{
			"Id": "Param_Angle_Rotation_13_ArtMesh452",
			"GroupId": "ParamGroup38",
			"Name": "[12]后发底1"
		},
		{
			"Id": "Param_Angle_Rotation_1_ArtMesh454",
			"GroupId": "ParamGroup39",
			"Name": "[0]后发底3"
		},
		{
			"Id": "Param_Angle_Rotation_2_ArtMesh454",
			"GroupId": "ParamGroup39",
			"Name": "[1]后发底3"
		},
		{
			"Id": "Param_Angle_Rotation_3_ArtMesh454",
			"GroupId": "ParamGroup39",
			"Name": "[2]后发底3"
		},
		{
			"Id": "Param_Angle_Rotation_4_ArtMesh454",
			"GroupId": "ParamGroup39",
			"Name": "[3]后发底3"
		},
		{
			"Id": "Param_Angle_Rotation_5_ArtMesh454",
			"GroupId": "ParamGroup39",
			"Name": "[4]后发底3"
		},
		{
			"Id": "Param_Angle_Rotation_6_ArtMesh454",
			"GroupId": "ParamGroup39",
			"Name": "[5]后发底3"
		},
		{
			"Id": "Param_Angle_Rotation_7_ArtMesh454",
			"GroupId": "ParamGroup39",
			"Name": "[6]后发底3"
		},
		{
			"Id": "Param_Angle_Rotation_8_ArtMesh454",
			"GroupId": "ParamGroup39",
			"Name": "[7]后发底3"
		},
		{
			"Id": "Param_Angle_Rotation_9_ArtMesh454",
			"GroupId": "ParamGroup39",
			"Name": "[8]后发底3"
		},
		{
			"Id": "Param_Angle_Rotation_10_ArtMesh454",
			"GroupId": "ParamGroup39",
			"Name": "[9]后发底3"
		},
		{
			"Id": "Param_Angle_Rotation_11_ArtMesh454",
			"GroupId": "ParamGroup39",
			"Name": "[10]后发底3"
		},
		{
			"Id": "Param_Angle_Rotation_12_ArtMesh454",
			"GroupId": "ParamGroup39",
			"Name": "[11]后发底3"
		},
		{
			"Id": "Param_Angle_Rotation_13_ArtMesh454",
			"GroupId": "ParamGroup39",
			"Name": "[12]后发底3"
		},
		{
			"Id": "Param_Angle_Rotation_1_ArtMesh453",
			"GroupId": "ParamGroup40",
			"Name": "[0]后发底2"
		},
		{
			"Id": "Param_Angle_Rotation_2_ArtMesh453",
			"GroupId": "ParamGroup40",
			"Name": "[1]后发底2"
		},
		{
			"Id": "Param_Angle_Rotation_3_ArtMesh453",
			"GroupId": "ParamGroup40",
			"Name": "[2]后发底2"
		},
		{
			"Id": "Param_Angle_Rotation_4_ArtMesh453",
			"GroupId": "ParamGroup40",
			"Name": "[3]后发底2"
		},
		{
			"Id": "Param_Angle_Rotation_5_ArtMesh453",
			"GroupId": "ParamGroup40",
			"Name": "[4]后发底2"
		},
		{
			"Id": "Param_Angle_Rotation_6_ArtMesh453",
			"GroupId": "ParamGroup40",
			"Name": "[5]后发底2"
		},
		{
			"Id": "Param_Angle_Rotation_7_ArtMesh453",
			"GroupId": "ParamGroup40",
			"Name": "[6]后发底2"
		},
		{
			"Id": "Param_Angle_Rotation_8_ArtMesh453",
			"GroupId": "ParamGroup40",
			"Name": "[7]后发底2"
		},
		{
			"Id": "Param_Angle_Rotation_9_ArtMesh453",
			"GroupId": "ParamGroup40",
			"Name": "[8]后发底2"
		},
		{
			"Id": "Param_Angle_Rotation_10_ArtMesh453",
			"GroupId": "ParamGroup40",
			"Name": "[9]后发底2"
		},
		{
			"Id": "Param_Angle_Rotation_11_ArtMesh453",
			"GroupId": "ParamGroup40",
			"Name": "[10]后发底2"
		},
		{
			"Id": "Param_Angle_Rotation_12_ArtMesh453",
			"GroupId": "ParamGroup40",
			"Name": "[11]后发底2"
		},
		{
			"Id": "Param_Angle_Rotation_13_ArtMesh453",
			"GroupId": "ParamGroup40",
			"Name": "[12]后发底2"
		},
		{
			"Id": "Param_Angle_Rotation_1_ArtMesh455",
			"GroupId": "ParamGroup41",
			"Name": "[0]后发底4"
		},
		{
			"Id": "Param_Angle_Rotation_2_ArtMesh455",
			"GroupId": "ParamGroup41",
			"Name": "[1]后发底4"
		},
		{
			"Id": "Param_Angle_Rotation_3_ArtMesh455",
			"GroupId": "ParamGroup41",
			"Name": "[2]后发底4"
		},
		{
			"Id": "Param_Angle_Rotation_4_ArtMesh455",
			"GroupId": "ParamGroup41",
			"Name": "[3]后发底4"
		},
		{
			"Id": "Param_Angle_Rotation_5_ArtMesh455",
			"GroupId": "ParamGroup41",
			"Name": "[4]后发底4"
		},
		{
			"Id": "Param_Angle_Rotation_6_ArtMesh455",
			"GroupId": "ParamGroup41",
			"Name": "[5]后发底4"
		},
		{
			"Id": "Param_Angle_Rotation_7_ArtMesh455",
			"GroupId": "ParamGroup41",
			"Name": "[6]后发底4"
		},
		{
			"Id": "Param_Angle_Rotation_8_ArtMesh455",
			"GroupId": "ParamGroup41",
			"Name": "[7]后发底4"
		},
		{
			"Id": "Param_Angle_Rotation_9_ArtMesh455",
			"GroupId": "ParamGroup41",
			"Name": "[8]后发底4"
		},
		{
			"Id": "Param_Angle_Rotation_10_ArtMesh455",
			"GroupId": "ParamGroup41",
			"Name": "[9]后发底4"
		},
		{
			"Id": "Param_Angle_Rotation_11_ArtMesh455",
			"GroupId": "ParamGroup41",
			"Name": "[10]后发底4"
		},
		{
			"Id": "Param_Angle_Rotation_12_ArtMesh455",
			"GroupId": "ParamGroup41",
			"Name": "[11]后发底4"
		},
		{
			"Id": "Param_Angle_Rotation_13_ArtMesh455",
			"GroupId": "ParamGroup41",
			"Name": "[12]后发底4"
		},
		{
			"Id": "Param_Angle_Rotation_1_ArtMesh451",
			"GroupId": "ParamGroup43",
			"Name": "[0]侧后发"
		},
		{
			"Id": "Param_Angle_Rotation_2_ArtMesh451",
			"GroupId": "ParamGroup43",
			"Name": "[1]侧后发"
		},
		{
			"Id": "Param_Angle_Rotation_3_ArtMesh451",
			"GroupId": "ParamGroup43",
			"Name": "[2]侧后发"
		},
		{
			"Id": "Param_Angle_Rotation_4_ArtMesh451",
			"GroupId": "ParamGroup43",
			"Name": "[3]侧后发"
		},
		{
			"Id": "Param_Angle_Rotation_5_ArtMesh451",
			"GroupId": "ParamGroup43",
			"Name": "[4]侧后发"
		},
		{
			"Id": "Param_Angle_Rotation_6_ArtMesh451",
			"GroupId": "ParamGroup43",
			"Name": "[5]侧后发"
		},
		{
			"Id": "Param_Angle_Rotation_7_ArtMesh451",
			"GroupId": "ParamGroup43",
			"Name": "[6]侧后发"
		},
		{
			"Id": "Param_Angle_Rotation_8_ArtMesh451",
			"GroupId": "ParamGroup43",
			"Name": "[7]侧后发"
		},
		{
			"Id": "Param_Angle_Rotation_9_ArtMesh451",
			"GroupId": "ParamGroup43",
			"Name": "[8]侧后发"
		},
		{
			"Id": "Param_Angle_Rotation_10_ArtMesh451",
			"GroupId": "ParamGroup43",
			"Name": "[9]侧后发"
		},
		{
			"Id": "Param_Angle_Rotation_11_ArtMesh451",
			"GroupId": "ParamGroup43",
			"Name": "[10]侧后发"
		},
		{
			"Id": "Param_Angle_Rotation_12_ArtMesh451",
			"GroupId": "ParamGroup43",
			"Name": "[11]侧后发"
		},
		{
			"Id": "Param_Angle_Rotation_13_ArtMesh451",
			"GroupId": "ParamGroup43",
			"Name": "[12]侧后发"
		},
		{
			"Id": "Param_Angle_Rotation_1_ArtMesh456",
			"GroupId": "ParamGroup44",
			"Name": "[0]图层 220"
		},
		{
			"Id": "Param_Angle_Rotation_2_ArtMesh456",
			"GroupId": "ParamGroup44",
			"Name": "[1]图层 220"
		},
		{
			"Id": "Param_Angle_Rotation_3_ArtMesh456",
			"GroupId": "ParamGroup44",
			"Name": "[2]图层 220"
		},
		{
			"Id": "Param_Angle_Rotation_4_ArtMesh456",
			"GroupId": "ParamGroup44",
			"Name": "[3]图层 220"
		},
		{
			"Id": "Param_Angle_Rotation_5_ArtMesh456",
			"GroupId": "ParamGroup44",
			"Name": "[4]图层 220"
		},
		{
			"Id": "Param_Angle_Rotation_6_ArtMesh456",
			"GroupId": "ParamGroup44",
			"Name": "[5]图层 220"
		},
		{
			"Id": "Param_Angle_Rotation_7_ArtMesh456",
			"GroupId": "ParamGroup44",
			"Name": "[6]图层 220"
		},
		{
			"Id": "Param_Angle_Rotation_8_ArtMesh456",
			"GroupId": "ParamGroup44",
			"Name": "[7]图层 220"
		},
		{
			"Id": "Param_Angle_Rotation_9_ArtMesh456",
			"GroupId": "ParamGroup44",
			"Name": "[8]图层 220"
		},
		{
			"Id": "Param_Angle_Rotation_10_ArtMesh456",
			"GroupId": "ParamGroup44",
			"Name": "[9]图层 220"
		},
		{
			"Id": "Param_Angle_Rotation_11_ArtMesh456",
			"GroupId": "ParamGroup44",
			"Name": "[10]图层 220"
		},
		{
			"Id": "Param_Angle_Rotation_12_ArtMesh456",
			"GroupId": "ParamGroup44",
			"Name": "[11]图层 220"
		},
		{
			"Id": "Param_Angle_Rotation_13_ArtMesh456",
			"GroupId": "ParamGroup44",
			"Name": "[12]图层 220"
		},
		{
			"Id": "Param_Angle_Rotation_1_ArtMesh457",
			"GroupId": "ParamGroup45",
			"Name": "[0]图层 219"
		},
		{
			"Id": "Param_Angle_Rotation_2_ArtMesh457",
			"GroupId": "ParamGroup45",
			"Name": "[1]图层 219"
		},
		{
			"Id": "Param_Angle_Rotation_3_ArtMesh457",
			"GroupId": "ParamGroup45",
			"Name": "[2]图层 219"
		},
		{
			"Id": "Param_Angle_Rotation_4_ArtMesh457",
			"GroupId": "ParamGroup45",
			"Name": "[3]图层 219"
		},
		{
			"Id": "Param_Angle_Rotation_5_ArtMesh457",
			"GroupId": "ParamGroup45",
			"Name": "[4]图层 219"
		},
		{
			"Id": "Param_Angle_Rotation_6_ArtMesh457",
			"GroupId": "ParamGroup45",
			"Name": "[5]图层 219"
		},
		{
			"Id": "Param_Angle_Rotation_7_ArtMesh457",
			"GroupId": "ParamGroup45",
			"Name": "[6]图层 219"
		},
		{
			"Id": "Param_Angle_Rotation_8_ArtMesh457",
			"GroupId": "ParamGroup45",
			"Name": "[7]图层 219"
		},
		{
			"Id": "Param_Angle_Rotation_9_ArtMesh457",
			"GroupId": "ParamGroup45",
			"Name": "[8]图层 219"
		},
		{
			"Id": "Param_Angle_Rotation_10_ArtMesh457",
			"GroupId": "ParamGroup45",
			"Name": "[9]图层 219"
		},
		{
			"Id": "Param_Angle_Rotation_11_ArtMesh457",
			"GroupId": "ParamGroup45",
			"Name": "[10]图层 219"
		},
		{
			"Id": "Param_Angle_Rotation_12_ArtMesh457",
			"GroupId": "ParamGroup45",
			"Name": "[11]图层 219"
		},
		{
			"Id": "Param_Angle_Rotation_13_ArtMesh457",
			"GroupId": "ParamGroup45",
			"Name": "[12]图层 219"
		},
		{
			"Id": "Param_Angle_Rotation_1_ArtMesh281",
			"GroupId": "ParamGroup46",
			"Name": "[0]爱心8"
		},
		{
			"Id": "Param_Angle_Rotation_2_ArtMesh281",
			"GroupId": "ParamGroup46",
			"Name": "[1]爱心8"
		},
		{
			"Id": "Param_Angle_Rotation_3_ArtMesh281",
			"GroupId": "ParamGroup46",
			"Name": "[2]爱心8"
		},
		{
			"Id": "Param_Angle_Rotation_4_ArtMesh281",
			"GroupId": "ParamGroup46",
			"Name": "[3]爱心8"
		},
		{
			"Id": "Param_Angle_Rotation_5_ArtMesh281",
			"GroupId": "ParamGroup46",
			"Name": "[4]爱心8"
		},
		{
			"Id": "Param_Angle_Rotation_6_ArtMesh281",
			"GroupId": "ParamGroup46",
			"Name": "[5]爱心8"
		},
		{
			"Id": "Param_Angle_Rotation_7_ArtMesh281",
			"GroupId": "ParamGroup46",
			"Name": "[6]爱心8"
		},
		{
			"Id": "Param_Angle_Rotation_1_ArtMesh283",
			"GroupId": "ParamGroup47",
			"Name": "[0]垂皮带1"
		},
		{
			"Id": "Param_Angle_Rotation_2_ArtMesh283",
			"GroupId": "ParamGroup47",
			"Name": "[1]垂皮带1"
		},
		{
			"Id": "Param_Angle_Rotation_3_ArtMesh283",
			"GroupId": "ParamGroup47",
			"Name": "[2]垂皮带1"
		},
		{
			"Id": "Param_Angle_Rotation_4_ArtMesh283",
			"GroupId": "ParamGroup47",
			"Name": "[3]垂皮带1"
		},
		{
			"Id": "Param_Angle_Rotation_5_ArtMesh283",
			"GroupId": "ParamGroup47",
			"Name": "[4]垂皮带1"
		},
		{
			"Id": "Param_Angle_Rotation_6_ArtMesh283",
			"GroupId": "ParamGroup47",
			"Name": "[5]垂皮带1"
		},
		{
			"Id": "Param_Angle_Rotation_7_ArtMesh283",
			"GroupId": "ParamGroup47",
			"Name": "[6]垂皮带1"
		},
		{
			"Id": "Param_Angle_Rotation_1_ArtMesh284",
			"GroupId": "ParamGroup48",
			"Name": "[0]垂皮带2"
		},
		{
			"Id": "Param_Angle_Rotation_2_ArtMesh284",
			"GroupId": "ParamGroup48",
			"Name": "[1]垂皮带2"
		},
		{
			"Id": "Param_Angle_Rotation_3_ArtMesh284",
			"GroupId": "ParamGroup48",
			"Name": "[2]垂皮带2"
		},
		{
			"Id": "Param_Angle_Rotation_4_ArtMesh284",
			"GroupId": "ParamGroup48",
			"Name": "[3]垂皮带2"
		},
		{
			"Id": "Param_Angle_Rotation_5_ArtMesh284",
			"GroupId": "ParamGroup48",
			"Name": "[4]垂皮带2"
		},
		{
			"Id": "Param_Angle_Rotation_6_ArtMesh284",
			"GroupId": "ParamGroup48",
			"Name": "[5]垂皮带2"
		},
		{
			"Id": "Param_Angle_Rotation_7_ArtMesh284",
			"GroupId": "ParamGroup48",
			"Name": "[6]垂皮带2"
		},
		{
			"Id": "Param_Angle_Rotation_1_ArtMesh264",
			"GroupId": "ParamGroup7",
			"Name": "[0]图层 246"
		},
		{
			"Id": "Param_Angle_Rotation_2_ArtMesh264",
			"GroupId": "ParamGroup7",
			"Name": "[1]图层 246"
		},
		{
			"Id": "Param_Angle_Rotation_3_ArtMesh264",
			"GroupId": "ParamGroup7",
			"Name": "[2]图层 246"
		},
		{
			"Id": "Param_Angle_Rotation_4_ArtMesh264",
			"GroupId": "ParamGroup7",
			"Name": "[3]图层 246"
		},
		{
			"Id": "Param_Angle_Rotation_5_ArtMesh264",
			"GroupId": "ParamGroup7",
			"Name": "[4]图层 246"
		},
		{
			"Id": "Param_Angle_Rotation_6_ArtMesh264",
			"GroupId": "ParamGroup7",
			"Name": "[5]图层 246"
		},
		{
			"Id": "Param_Angle_Rotation_7_ArtMesh264",
			"GroupId": "ParamGroup7",
			"Name": "[6]图层 246"
		},
		{
			"Id": "Param_Angle_Rotation_8_ArtMesh264",
			"GroupId": "ParamGroup7",
			"Name": "[7]图层 246"
		},
		{
			"Id": "Param_Angle_Rotation_9_ArtMesh264",
			"GroupId": "ParamGroup7",
			"Name": "[8]图层 246"
		}
	],
	"ParameterGroups": [
		{
			"Id": "ParamGroup16",
			"GroupId": "",
			"Name": "五官"
		},
		{
			"Id": "ParamGroup5",
			"GroupId": "",
			"Name": "表情开关"
		},
		{
			"Id": "ParamGroup",
			"GroupId": "",
			"Name": "表情物理"
		},
		{
			"Id": "ParamGroup20",
			"GroupId": "",
			"Name": "身体装饰"
		},
		{
			"Id": "ParamGroup4",
			"GroupId": "",
			"Name": "手物理"
		},
		{
			"Id": "ParamGroup11",
			"GroupId": "",
			"Name": "胸物理"
		},
		{
			"Id": "ParamGroup6",
			"GroupId": "",
			"Name": "VB"
		},
		{
			"Id": "ParamGroup2",
			"GroupId": "",
			"Name": "眉毛物理"
		},
		{
			"Id": "ParamGroup3",
			"GroupId": "",
			"Name": "前发物理"
		},
		{
			"Id": "ParamGroup42",
			"GroupId": "",
			"Name": "裙子物理"
		},
		{
			"Id": "ParamGroup26",
			"GroupId": "",
			"Name": "下侧发R1"
		},
		{
			"Id": "ParamGroup28",
			"GroupId": "",
			"Name": "双马尾钻头R"
		},
		{
			"Id": "ParamGroup29",
			"GroupId": "",
			"Name": "双马尾钻头R上下"
		},
		{
			"Id": "ParamGroup30",
			"GroupId": "",
			"Name": "双马尾钻头L"
		},
		{
			"Id": "ParamGroup32",
			"GroupId": "",
			"Name": "双马尾钻头L上下"
		},
		{
			"Id": "ParamGroup27",
			"GroupId": "",
			"Name": "马尾绳子R1"
		},
		{
			"Id": "ParamGroup18",
			"GroupId": "",
			"Name": "后发1L"
		},
		{
			"Id": "ParamGroup34",
			"GroupId": "",
			"Name": "后发1L"
		},
		{
			"Id": "ParamGroup35",
			"GroupId": "",
			"Name": "侧后发"
		},
		{
			"Id": "ParamGroup36",
			"GroupId": "",
			"Name": "图层 220"
		},
		{
			"Id": "ParamGroup37",
			"GroupId": "",
			"Name": "图层 219"
		},
		{
			"Id": "ParamGroup38",
			"GroupId": "",
			"Name": "后发底1"
		},
		{
			"Id": "ParamGroup39",
			"GroupId": "",
			"Name": "后发底3"
		},
		{
			"Id": "ParamGroup40",
			"GroupId": "",
			"Name": "后发底2"
		},
		{
			"Id": "ParamGroup41",
			"GroupId": "",
			"Name": "后发底4"
		},
		{
			"Id": "ParamGroup43",
			"GroupId": "",
			"Name": "侧后发"
		},
		{
			"Id": "ParamGroup44",
			"GroupId": "",
			"Name": "图层 220"
		},
		{
			"Id": "ParamGroup45",
			"GroupId": "",
			"Name": "图层 219"
		},
		{
			"Id": "ParamGroup46",
			"GroupId": "",
			"Name": "爱心8"
		},
		{
			"Id": "ParamGroup47",
			"GroupId": "",
			"Name": "垂皮带1"
		},
		{
			"Id": "ParamGroup48",
			"GroupId": "",
			"Name": "垂皮带2"
		},
		{
			"Id": "ParamGroup7",
			"GroupId": "",
			"Name": "图层 246"
		}
	],
	"Parts": [
		{
			"Id": "Part23",
			"Name": "QQ图片20240531005314.png"
		},
		{
			"Id": "Part123",
			"Name": "冰糖 完稿.psd"
		},
		{
			"Id": "Part83",
			"Name": "标准"
		},
		{
			"Id": "Part22",
			"Name": "水印组合"
		},
		{
			"Id": "Part129",
			"Name": "部件16"
		},
		{
			"Id": "Part2",
			"Name": "冰糖本体"
		},
		{
			"Id": "Part103",
			"Name": "暂存"
		},
		{
			"Id": "Part",
			"Name": "1"
		},
		{
			"Id": "Part38",
			"Name": "待删"
		},
		{
			"Id": "Part4",
			"Name": "头"
		},
		{
			"Id": "Part72",
			"Name": "身体"
		},
		{
			"Id": "Part96",
			"Name": "腿"
		},
		{
			"Id": "Part98",
			"Name": "手"
		},
		{
			"Id": "Part112",
			"Name": "双马尾"
		},
		{
			"Id": "Part135",
			"Name": "双马尾2"
		},
		{
			"Id": "Part119",
			"Name": "后发"
		},
		{
			"Id": "Part3",
			"Name": "特效"
		},
		{
			"Id": "Part14",
			"Name": "头"
		},
		{
			"Id": "Part84",
			"Name": "身体"
		},
		{
			"Id": "Part79",
			"Name": "后发"
		},
		{
			"Id": "Part18",
			"Name": "部件124"
		},
		{
			"Id": "Part5",
			"Name": "前发"
		},
		{
			"Id": "Part11",
			"Name": "脸部装饰"
		},
		{
			"Id": "Part12",
			"Name": "脸"
		},
		{
			"Id": "Part66",
			"Name": "下侧发"
		},
		{
			"Id": "Part75",
			"Name": "颈饰"
		},
		{
			"Id": "Part78",
			"Name": "领子"
		},
		{
			"Id": "Part80",
			"Name": "腰带"
		},
		{
			"Id": "Part88",
			"Name": "裙子"
		},
		{
			"Id": "Part90",
			"Name": "皮带"
		},
		{
			"Id": "Part91",
			"Name": "胸衣"
		},
		{
			"Id": "Part92",
			"Name": "胸"
		},
		{
			"Id": "Part93",
			"Name": "上衣"
		},
		{
			"Id": "Part94",
			"Name": "上身"
		},
		{
			"Id": "Part95",
			"Name": "上衣后"
		},
		{
			"Id": "Part131",
			"Name": "R腿2"
		},
		{
			"Id": "Part130",
			"Name": "R腿"
		},
		{
			"Id": "Part97",
			"Name": "鞋子装饰"
		},
		{
			"Id": "Part74",
			"Name": "腿"
		},
		{
			"Id": "Part99",
			"Name": "袖子"
		},
		{
			"Id": "Part108",
			"Name": "手"
		},
		{
			"Id": "Part133",
			"Name": "手R"
		},
		{
			"Id": "Part114",
			"Name": "双马尾蝴蝶结"
		},
		{
			"Id": "Part115",
			"Name": "双马尾白色"
		},
		{
			"Id": "Part116",
			"Name": "双马尾钻头"
		},
		{
			"Id": "Part117",
			"Name": "双马尾发包"
		},
		{
			"Id": "Part118",
			"Name": "双马尾白色背面"
		},
		{
			"Id": "Part136",
			"Name": "双马尾蝴蝶结6"
		},
		{
			"Id": "Part137",
			"Name": "双马尾白色5"
		},
		{
			"Id": "Part138",
			"Name": "双马尾钻头15"
		},
		{
			"Id": "Part139",
			"Name": "双马尾发包4"
		},
		{
			"Id": "Part140",
			"Name": "双马尾白色背面4"
		},
		{
			"Id": "Part120",
			"Name": "后发脑壳"
		},
		{
			"Id": "Part122",
			"Name": "后发底"
		},
		{
			"Id": "Part26",
			"Name": "表情按键"
		},
		{
			"Id": "Part34",
			"Name": "五官"
		},
		{
			"Id": "Part45",
			"Name": "脸"
		},
		{
			"Id": "Part46",
			"Name": "耳朵"
		},
		{
			"Id": "Part47",
			"Name": "下侧发"
		},
		{
			"Id": "Part64",
			"Name": "脖子"
		},
		{
			"Id": "Part65",
			"Name": "胸衣"
		},
		{
			"Id": "Part70",
			"Name": "胸"
		},
		{
			"Id": "Part76",
			"Name": "屁股"
		},
		{
			"Id": "Part6",
			"Name": "头饰"
		},
		{
			"Id": "Part7",
			"Name": "侧发"
		},
		{
			"Id": "Part9",
			"Name": "前发中"
		},
		{
			"Id": "Part10",
			"Name": "前发阴影"
		},
		{
			"Id": "Part13",
			"Name": "五官"
		},
		{
			"Id": "Part60",
			"Name": "脸皮"
		},
		{
			"Id": "Part67",
			"Name": "下侧发L"
		},
		{
			"Id": "Part69",
			"Name": "下侧发R"
		},
		{
			"Id": "Part77",
			"Name": "领口蝴蝶结"
		},
		{
			"Id": "Part81",
			"Name": "爱心"
		},
		{
			"Id": "Part82",
			"Name": "垂皮带"
		},
		{
			"Id": "Part86",
			"Name": "粉腰带"
		},
		{
			"Id": "Part89",
			"Name": "裙子坠子"
		},
		{
			"Id": "Part104",
			"Name": "部件121"
		},
		{
			"Id": "Part126",
			"Name": "胸侧皮带"
		},
		{
			"Id": "Part128",
			"Name": "腰皮带竖"
		},
		{
			"Id": "Part125",
			"Name": "上衣1"
		},
		{
			"Id": "Part124",
			"Name": "上衣3"
		},
		{
			"Id": "Part73",
			"Name": "身体"
		},
		{
			"Id": "Part132",
			"Name": "部件134"
		},
		{
			"Id": "Part113",
			"Name": "部件130"
		},
		{
			"Id": "Part111",
			"Name": "部件128"
		},
		{
			"Id": "Part134",
			"Name": "手R2"
		},
		{
			"Id": "Part109",
			"Name": "手臂R"
		},
		{
			"Id": "ArtMesh389_Skinning",
			"Name": "双马尾蝴蝶结3(蒙皮)"
		},
		{
			"Id": "Part20",
			"Name": "双马尾蝴蝶结3(旋转)"
		},
		{
			"Id": "ArtMesh393_Skinning2",
			"Name": "双马尾白色2(蒙皮)2"
		},
		{
			"Id": "ArtMesh395_Skinning2",
			"Name": "双马尾白色4(蒙皮)2"
		},
		{
			"Id": "ArtMesh431_Skinning2",
			"Name": "双马尾钻头6(蒙皮)2"
		},
		{
			"Id": "ArtMesh433_Skinning2",
			"Name": "双马尾钻头背面(蒙皮)2"
		},
		{
			"Id": "ArtMesh438_Skinning2",
			"Name": "双马尾白色背面1(蒙皮)2"
		},
		{
			"Id": "ArtMesh439_Skinning2",
			"Name": "双马尾白色背面2(蒙皮)2"
		},
		{
			"Id": "ArtMesh389_Skinning2",
			"Name": "双马尾蝴蝶结3(蒙皮)2"
		},
		{
			"Id": "Part21",
			"Name": "双马尾蝴蝶结3(旋转)2"
		},
		{
			"Id": "ArtMesh393_Skinning3",
			"Name": "双马尾白色2(蒙皮)3"
		},
		{
			"Id": "ArtMesh395_Skinning3",
			"Name": "双马尾白色4(蒙皮)3"
		},
		{
			"Id": "ArtMesh431_Skinning3",
			"Name": "双马尾钻头6(蒙皮)3"
		},
		{
			"Id": "ArtMesh433_Skinning3",
			"Name": "双马尾钻头背面(蒙皮)3"
		},
		{
			"Id": "ArtMesh438_Skinning3",
			"Name": "双马尾白色背面1(蒙皮)3"
		},
		{
			"Id": "ArtMesh439_Skinning3",
			"Name": "双马尾白色背面2(蒙皮)3"
		},
		{
			"Id": "Part121",
			"Name": "脑壳后发"
		},
		{
			"Id": "ArtMesh452_Skinning",
			"Name": "后发底1(蒙皮)"
		},
		{
			"Id": "Part106",
			"Name": "后发底1(旋转)"
		},
		{
			"Id": "ArtMesh453_Skinning",
			"Name": "后发底2(蒙皮)"
		},
		{
			"Id": "Part141",
			"Name": "后发底2(旋转)"
		},
		{
			"Id": "ArtMesh454_Skinning",
			"Name": "后发底3(蒙皮)"
		},
		{
			"Id": "Part110",
			"Name": "后发底3(旋转)"
		},
		{
			"Id": "ArtMesh455_Skinning",
			"Name": "后发底4(蒙皮)"
		},
		{
			"Id": "Part142",
			"Name": "后发底4(旋转)"
		},
		{
			"Id": "Part28",
			"Name": "脸黑"
		},
		{
			"Id": "Part30",
			"Name": "星星眼"
		},
		{
			"Id": "Part33",
			"Name": "脸红"
		},
		{
			"Id": "Part35",
			"Name": "鼻子"
		},
		{
			"Id": "Part36",
			"Name": "眉毛"
		},
		{
			"Id": "Part27",
			"Name": "问号圈圈眼"
		},
		{
			"Id": "Part37",
			"Name": "眼睛"
		},
		{
			"Id": "Part16",
			"Name": "部件122"
		},
		{
			"Id": "Part15",
			"Name": "眉"
		},
		{
			"Id": "Part31",
			"Name": "眼睛"
		},
		{
			"Id": "Part41",
			"Name": "嘴"
		},
		{
			"Id": "Part51",
			"Name": "嘴"
		},
		{
			"Id": "Part61",
			"Name": "腮红"
		},
		{
			"Id": "Part29",
			"Name": "鼻"
		},
		{
			"Id": "Part62",
			"Name": "脸皮"
		},
		{
			"Id": "Part63",
			"Name": "耳"
		},
		{
			"Id": "Part68",
			"Name": "下侧发L绑带"
		},
		{
			"Id": "ArtMesh244_Skinning",
			"Name": "下侧发L1(蒙皮)"
		},
		{
			"Id": "Part19",
			"Name": "下侧发L1(旋转)"
		},
		{
			"Id": "ArtMesh245_Skinning",
			"Name": "下侧发L2(蒙皮)"
		},
		{
			"Id": "ArtMesh246_Skinning",
			"Name": "下侧发L0(蒙皮)"
		},
		{
			"Id": "ArtMesh247_Skinning",
			"Name": "下侧发L4(蒙皮)"
		},
		{
			"Id": "ArtMesh248_Skinning",
			"Name": "下侧发R1(蒙皮)"
		},
		{
			"Id": "Part8",
			"Name": "下侧发R1(旋转)"
		},
		{
			"Id": "ArtMesh249_Skinning",
			"Name": "下侧发R2(蒙皮)"
		},
		{
			"Id": "ArtMesh250_Skinning",
			"Name": "下侧发R0(蒙皮)"
		},
		{
			"Id": "ArtMesh251_Skinning",
			"Name": "下侧发R4(蒙皮)"
		},
		{
			"Id": "Part148",
			"Name": "部件188"
		},
		{
			"Id": "ArtMesh283_Skinning",
			"Name": "垂皮带1(蒙皮)"
		},
		{
			"Id": "Part146",
			"Name": "垂皮带1(旋转)"
		},
		{
			"Id": "ArtMesh284_Skinning",
			"Name": "垂皮带2(蒙皮)"
		},
		{
			"Id": "Part147",
			"Name": "垂皮带2(旋转)"
		},
		{
			"Id": "ArtMesh286_Skinning",
			"Name": "粉腰带2(蒙皮)"
		},
		{
			"Id": "Part127",
			"Name": "胸侧皮带2"
		},
		{
			"Id": "Part107",
			"Name": "手L手袖黑"
		},
		{
			"Id": "ArtMesh445_Skinning2",
			"Name": "图层 216(蒙皮)"
		},
		{
			"Id": "ArtMesh445_Skinning",
			"Name": "图层 216(蒙皮)"
		},
		{
			"Id": "ArtMesh446_Skinning2",
			"Name": "图层 217(蒙皮)"
		},
		{
			"Id": "ArtMesh446_Skinning",
			"Name": "图层 217(蒙皮)"
		},
		{
			"Id": "ArtMesh447_Skinning2",
			"Name": "图层 218(蒙皮)"
		},
		{
			"Id": "ArtMesh447_Skinning",
			"Name": "图层 218(蒙皮)"
		},
		{
			"Id": "ArtMesh448_Skinning2",
			"Name": "图层 219(蒙皮)"
		},
		{
			"Id": "Part145",
			"Name": "图层 219(旋转)"
		},
		{
			"Id": "ArtMesh448_Skinning",
			"Name": "图层 219(蒙皮)"
		},
		{
			"Id": "Part87",
			"Name": "图层 219(旋转)"
		},
		{
			"Id": "ArtMesh449_Skinning2",
			"Name": "图层 220(蒙皮)"
		},
		{
			"Id": "Part144",
			"Name": "图层 220(旋转)"
		},
		{
			"Id": "ArtMesh449_Skinning",
			"Name": "图层 220(蒙皮)"
		},
		{
			"Id": "Part50",
			"Name": "图层 220(旋转)"
		},
		{
			"Id": "ArtMesh450_Skinning2",
			"Name": "侧后发(蒙皮)"
		},
		{
			"Id": "Part143",
			"Name": "侧后发(旋转)"
		},
		{
			"Id": "ArtMesh450_Skinning",
			"Name": "侧后发(蒙皮)"
		},
		{
			"Id": "Part39",
			"Name": "侧后发(旋转)"
		},
		{
			"Id": "Part40",
			"Name": "眼睛R"
		},
		{
			"Id": "Part85",
			"Name": "眼睛L"
		},
		{
			"Id": "Part17",
			"Name": "部件123"
		},
		{
			"Id": "Part32",
			"Name": "泪光"
		},
		{
			"Id": "Part43",
			"Name": "> <眼"
		},
		{
			"Id": "Part100",
			"Name": "左眼2"
		},
		{
			"Id": "Part48",
			"Name": "左眼"
		},
		{
			"Id": "Part54",
			"Name": "参考"
		},
		{
			"Id": "Part52",
			"Name": "变形用嘴"
		},
		{
			"Id": "Part53",
			"Name": "口内"
		},
		{
			"Id": "ArtMesh243_Skinning",
			"Name": "图层 236(蒙皮)"
		},
		{
			"Id": "ArtMesh274_Skinning2",
			"Name": "爱心4(蒙皮)2"
		},
		{
			"Id": "ArtMesh275_Skinning2",
			"Name": "爱心5(蒙皮)2"
		},
		{
			"Id": "ArtMesh276_Skinning2",
			"Name": "图层 323(蒙皮)2"
		},
		{
			"Id": "ArtMesh277_Skinning2",
			"Name": "爱心6(蒙皮)2"
		},
		{
			"Id": "ArtMesh278_Skinning2",
			"Name": "图层 324(蒙皮)2"
		},
		{
			"Id": "ArtMesh279_Skinning2",
			"Name": "爱心7(蒙皮)2"
		},
		{
			"Id": "ArtMesh280_Skinning2",
			"Name": "图层 325(蒙皮)2"
		},
		{
			"Id": "ArtMesh281_Skinning2",
			"Name": "爱心8(蒙皮)2"
		},
		{
			"Id": "Part149",
			"Name": "爱心8(旋转)2"
		},
		{
			"Id": "ArtMesh282_Skinning2",
			"Name": "爱心9(蒙皮)2"
		},
		{
			"Id": "ArtMesh361_Skinning",
			"Name": "手L手袖黑2(蒙皮)"
		},
		{
			"Id": "Part105",
			"Name": "虹膜 4"
		},
		{
			"Id": "Part49",
			"Name": "虹膜 3"
		},
		{
			"Id": "Part57",
			"Name": "口　怒り"
		}
	],
	"CombinedParameters": [
		[
			"ParamSkirt7",
			"ParamSkirt8"
		]
	]
}